"101","Gefahrstelle"
"101-10","Flugbetrieb - Aufstellung rechts"
"101-11","Fußgängerüberweg - Aufstellung rechts"
"101-12","Viehtrieb - Aufstellung rechts"
"101-13","Reiter - Aufstellung rechts"
"101-14","Amphibienwanderung - Aufstellung rechts"
"101-15","Steinschlag - Aufstellung rechts"
"101-20","Flugbetrieb - Aufstellung links"
"101-21","Fußgängerüberweg - Aufstellung links"
"101-22","Viehtrieb - Aufstellung links"
"101-23","Reiter - Aufstellung links"
"101-24","Amphibienwanderung - Aufstellung links"
"101-25","Steinschlag - Aufstellung links"
"101-51","Schnee- oder Eisglätte"
"101-52","Splitt, Schotter"
"101-53","Ufer"
"101-54","Unzureichendes Lichtraumprofil"
"101-55","Bewegliche Brücke"
"102","Kreuzung oder Einmündung"
"103","Kurve"
"103-10","Kurve - links 103-20 Kurve - rechts"
"105","Doppelkurve"
"105-10","Doppelkurve - zunächst links 105-20 Doppelkurve - zunächst rechts"
"108","Gefälle"
"108-4","Gefälle 4%"
"108-5","Gefälle 5%"
"108-6","Gefälle 6%"
"108-7","Gefälle 7%"
"108-8","Gefälle 8%"
"108-9","Gefälle 9%"
"108-10","Gefälle 10%"
"108-11","Gefälle 11%"
"108-12","Gefälle 12%"
"108-13","Gefälle 13%"
"108-14","Gefälle 14%"
"108-15","Gefälle 15%"
"108-16","Gefälle 16%"
"108-17","Gefälle 17%"
"108-18","Gefälle 18%"
"108-19","Gefälle 19%"
"108-20","Gefälle 20%"
"108-21","Gefälle 21%"
"108-22","Gefälle 22%"
"108-23","Gefälle 23%"
"108-24","Gefälle 24%"
"108-25","Gefälle 25%"
"110","Steigung"
"110-4","Steigung 4%"
"110-5","Steigung 5%"
"110-6","Steigung 6%"
"110-7","Steigung 7%"
"110-8","Steigung 8%"
"110-9","Steigung 9%"
"110-10","Steigung 10%"
"110-11","Steigung 11%"
"110-12","Steigung 12%"
"110-13","Steigung 13%"
"110-14","Steigung 14%"
"110-15","Steigung 15%"
"110-16","Steigung 16%"
"110-17","Steigung 17%"
"110-18","Steigung 18%"
"110-19","Steigung 19%"
"110-20","Steigung 20%"
"110-21","Steigung 21%"
"110-22","Steigung 22%"
"110-23","Steigung 23%"
"110-24","Steigung 24%"
"110-25","Steigung 25%"
"112","Unebene Fahrbahn"
"114","Schleuder- oder Rutschgefahr"
"117","Seitenwind"
"117-10","Seitenwind von rechts 117-20 Seitenwind von links"
"120","Verengte Fahrbahn"
"121","Einseitig verengte Fahrbahn"
"121-10","Einseitig verengte Fahrbahn - Verengung rechts"
"121-20","Einseitig verengte Fahrbahn - Verengung links"
"123","Arbeitsstelle"
"124","Stau"
"125","Gegenverkehr"
"131","Lichtzeichenanlage"
"133","Fußgänger"
"133-10","Fußgänger - Aufstellung rechts"
"133-20","Fußgänger - Aufstellung links"
"136","Kinder"
"136-10","Kinder - Aufstellung rechts"
"136-20","Kinder - Aufstellung links"
"138","Radverkehr"
"138-10","Radverkehr - Aufstellung rechts"
"138-20","Radverkehr - Aufstellung links"
"142","Wildwechsel"
"142-10","Wildwechsel - Aufstellung rechts"
"142-20","Wildwechsel - Aufstellung links"
"151","Bahnübergang"
"156","Bahnübergang mit dreistreifiger Bake"
"156-10","Bahnübergang mit dreistreifiger Bake - Aufstellung rechts"
"156-11","Bahnübergang mit dreistreifiger Bake mit Entfernungsangabe - Aufstellung rechts"
"156-20","Bahnübergang mit dreistreifiger Bake - Aufstellung links"
"156-21","Bahnübergang mit dreistreifiger Bake mit Entfernungsangabe - Aufstellung links"
"157","Dreistreifige Bake"
"157-10","Dreistreifige Bake - Aufstellung rechts"
"157-11","Dreistreifige Bake mit Entfernungsangabe - Aufstellung rechts"
"157-20","Dreistreifige Bake - Aufstellung links"
"157-21","Dreistreifige Bake mit Entfernungsangabe - Aufstellung links"
"159","Zweistreifige Bake"
"159-10","Zweistreifige Bake - Aufstellung rechts"
"159-11","Zweistreifige Bake mit Entfernungsangabe - Aufstellung rechts"
"159-20","Zweistreifige Bake - Aufstellung links"
"159-21","Zweistreifige Bake mit Entfernungsangabe - Aufstellung links"
"162","Einstreifige Bake"
"162-10","Einstreifige Bake - Aufstellung rechts"
"162-11","Einstreifige Bake mit Entfernungsangabe - Aufstellung rechts"
"162-20","Einstreifige Bake - Aufstellung links"
"162-21","Einstreifige Bake mit Entfernungsangabe - Aufstellung links"
"201","Andreaskreuz"
"201-50","Andreaskreuz - stehend"
"201-51","Andreaskreuz - stehend mit Blitzpfeil"
"201-52","Andreaskreuz - liegend"
"201-53","Andreaskreuz - liegend mit Blitzpfeil"
"205","Vorfahrt gewähren"
"206","Halt. Vorfahrt gewähren"
"208","Vorrang des Gegenverkehrs"
"209","Vorgeschriebene Fahrtrichtung - rechts"
"209-10","Vorgeschriebene Fahrtrichtung - links"
"209-30","Vorgeschriebene Fahrtrichtung - geradeaus"
"211","Vorgeschriebene Fahrtrichtung - hier rechts"
"211-10","Vorgeschriebene Fahrtrichtung - hier links"
"214","Vorgeschriebene Fahrtrichtung - geradeaus oder rechts"
"214-10","Vorgeschriebene Fahrtrichtung  - geradeaus oder links"
"214-30","Vorgeschriebene Fahrtrichtung - rechts oder links"
"215","Kreisverkehr"
"220","Einbahnstraße"
"220-10","Einbahnstraße - linksweisend"
"220-20","Einbahnstraße - rechtsweisend"
"220-40","Einbahnstraße - doppelseitig (-10/ -20)"
"222","Vorgeschriebene Vorbeifahrt - rechts vorbei"
"222-10","Vorgeschriebene Vorbeifahrt - links vorbei"
"223.1","Seitenstreifen befahren"
"223.1-50","Seitenstreifen befahren - 2 Fahrstreifen + Seitenstreifen"
"223.1-51","Seitenstreifen befahren - 3 Fahrstreifen + Seitenstreifen"
"223.1-52","Seitenstreifen befahren - 4 Fahrstreifen + Seitenstreifen"
"223.2","Seitenstreifen nicht mehr befahren"
"223.2-50","Seitenstreifen nicht mehr befahren - 2 Fahrstreifen + Seitenstreifen"
"223.2-51","Seitenstreifen nicht mehr befahren - 3 Fahrstreifen + Seitenstreifen"
"223.2-52","Seitenstreifen nicht mehr befahren - 4 Fahrstreifen + Seitenstreifen"
"223.3","Seitenstreifen räumen"
"223.3-50","Seitenstreifen räumen - 2 Fahrstreifen + Seitenstreifen"
"223.3-51","Seitenstreifen räumen - 3 Fahrstreifen + Seitenstreifen"
"223.3-52","Seitenstreifen räumen - 4 Fahrstreifen + Seitenstreifen"
"224","Haltestelle"
"224-40","Haltestelle - doppelseitig"
"224-41","Schulbushaltestelle - doppelseitig"
"224-51","Schulbushaltestelle"
"229","Taxenstand"
"229-10","Taxenstand - Anfang - Aufstellung rechts"
"229-11","Taxenstand - Ende - Aufstellung links"
"229-20","Taxenstand - Ende - Aufstellung rechts"
"229-21","Taxenstand - Anfang - Aufstellung links"
"229-30","Taxenstand - Mitte - Aufstellung rechts"
"229-31","Taxenstand - Mitte - Aufstellung links"
"237","Radweg"
"238","Reitweg"
"239","Gehweg"
"240","Gemeinsamer Geh- und Radweg"
"241","Getrennter Rad- und Gehweg"
"241-30","Getrennter Rad- und Gehweg - Radweg links"
"241-31","Getrennter Rad- und Gehweg - Radweg rechts"
"242.1","Beginn einer Fußgängerzone"
"242.1-40","Beginn einer Fußgängerzone - doppelseitig (Rückseite Z 242.2)"
"242.2","Ende einer Fußgängerzone"
"244.1","Beginn einer Fahrradstraße"
"244.1-40","Beginn einer Fahrradstraße - doppelseitig (Rückseite Z 244.2)"
"244.2","Ende einer Fahrradstraße"
"244.3","Beginn einer Fahradzone"
"244.3-40","Beginn einer Fahradzone - doppelseitig (Rückseite Z 244.4)"
"244.4","Ende einer Fahrradzone"
"245","Bussonderfahrstreifen"
"250","Verbot für Fahrzeuge aller Art"
"251","Verbot für Kraftwagen"
"253","Verbot für Kraftfahrzeuge über 3,5 t"
"254","Verbot für Radverkehr"
"255","Verbot für Krafträder"
"257-50","Verbot für Mofas"
"257-51","Verbot für Reiter"
"257-52","Verbot für Gespannfuhrwerke"
"257-53","Verbot für Viehtrieb"
"257-54","Verbot für Kraftomnibusse"
"257-55","Verbot für Personenkraftwagen"
"257-56","Verbot für Personenkraftwagen mit Anhänger"
"257-57","Verbot für Lastkraftwagen mit Anhänger"
"257-58","Verbot für Kraftfahrzeuge und Züge, die nicht schneller als 25 km/h fahren können oder dürfen"
"259","Verbot für Fußgänger"
"260","Verbot für Kraftfahrzeuge"
"261","Verbot für kennzeichnungspflichtige Kraftfahrzeuge mit gefährlichen Gütern"
"262","Tatsächliche Masse (Unternummer steht jeweils für den Zahlenwert)"
"263","Tatsächliche Achslast (Unternummer steht jeweils für den Zahlenwert)"
"264","Tatsächliche Breite (Unternummer steht jeweils für den Zahlenwert)"
"265","Tatsächliche Höhe (Unternummer steht jeweils für den Zahlenwert)"
"266","Tatsächliche Länge (Unternummer steht jeweils für den Zahlenwert)"
"267","Verbot der Einfahrt"
"268","Schneeketten vorgeschrieben"
"269","Verbot für Fahrzeuge mit wassergefährdender Ladung"
"270.1","Beginn einer Verkehrsverbotszone zur Verminderung schädlicher Luftverunreinigungen in einer Zone"
"270.1-40","Beginn einer Verkehrsverbotszone zur Verminderung schädlicher Luftverunreinigungen in einer Zone - doppelseitig (Rückseite Z 270.2)"
"270.2","Ende einer Verkehrsverbotszone zur Verminderung schädlicher Luftverunreinigungen in einer Zone"
"272","Verbot des Wendens"
"273","Verbot des Unterschreitens des angegebenen Mindestabstandes (Unternummer steht jeweils für den Zahlenwert)"
"274","Zulässige Höchstgeschwindigkeit"
"274-5","Zulässige Höchstgeschwindigkeit 5 km/h"
"274-10","Zulässige Höchstgeschwindigkeit 10 km/h"
"274-20","Zulässige Höchstgeschwindigkeit 20 km/h"
"274-30","Zulässige Höchstgeschwindigkeit 30 km/h"
"274-40","Zulässige Höchstgeschwindigkeit 40 km/h"
"274-50","Zulässige Höchstgeschwindigkeit 50 km/h"
"274-60","Zulässige Höchstgeschwindigkeit 60 km/h"
"274-70","Zulässige Höchstgeschwindigkeit 70 km/h"
"274-80","Zulässige Höchstgeschwindigkeit 80 km/h"
"274-90","Zulässige Höchstgeschwindigkeit 90 km/h"
"274-100","Zulässige Höchstgeschwindigkeit 100 km/h"
"274-110","Zulässige Höchstgeschwindigkeit 110 km/h"
"274-120","Zulässige Höchstgeschwindigkeit 120 km/h"
"274-130","Zulässige Höchstgeschwindigkeit 130 km/h"
"274.1","Beginn einer Tempo 30-Zone"
"274.1-20","Beginn einer Tempo 20-Zone in verkehrsberuhigten Geschäftsbereichen - einseitig"
"274.1-40","Beginn einer Tempo 30-Zone - doppelseitig (Rückseite Z 274.2)"
"274.1-41","Beginn einer Tempo 20-Zone in verkehrsberuhigten Geschäftsbereichen - doppelseitig (Rückseite Z 274.2-20)"
"274.2","Ende einer Tempo 30-Zone"
"274.2-20","Ende einer Tempo 20-Zone in verkehrsberuhigten Geschäftsbereichen"
"275","Vorgeschriebene Mindestgeschwindigkeit (Unternummer (nur volle Zehner) steht jeweils für den Zahlenwert)"
"276","Überholverbot für Kraftfahrzeuge aller Art"
"277","Überholverbot für Kraftfahrzeuge über 3,5 t"
"277.1","Verbot des Überholens von einspurigen Fahrzeugen für mehrspurige Kraftfahrzeuge und Krafträdern mit Beiwagen"
"278","Ende der zulässigen Höchstgeschwindigkeit"
"278-5","Ende der zulässigen Höchstgeschwindigkeit 5 km/h"
"278-10","Ende der zulässigen Höchstgeschwindigkeit 10 km/h"
"278-20","Ende der zulässigen Höchstgeschwindigkeit 20 km/h"
"278-30","Ende der zulässigen Höchstgeschwindigkeit 30 km/h"
"278-40","Ende der zulässigen Höchstgeschwindigkeit 40 km/h"
"278-50","Ende der zulässigen Höchstgeschwindigkeit 50 km/h"
"278-60","Ende der zulässigen Höchstgeschwindigkeit 60 km/h"
"278-70","Ende der zulässigen Höchstgeschwindigkeit 70 km/h"
"278-80","Ende der zulässigen Höchstgeschwindigkeit 80 km/h"
"278-90","Ende der zulässigen Höchstgeschwindigkeit 90 km/h"
"278-100","Ende der zulässigen Höchstgeschwindigkeit 100 km/h"
"278-110","Ende der zulässigen Höchstgeschwindigkeit 110 km/h"
"278-120","Ende der zulässigen Höchstgeschwindigkeit 120 km/h"
"278-130","Ende der zulässigen Höchstgeschwindigkeit 130 km/h"
"279","Ende der vorgeschriebenen Mindestgeschwindigkeit (Unternummer (nur volle Zehner) steht jeweils für den Zahlenwert)"
"280","Ende des Überholverbots für Kraftfahrzeuge aller Art"
"281","Ende des Überholverbots für Kraftfahrzeuge über 3,5 t"
"281.1","Ende des Verbots des Überholens von einspurigen Fahrzeugen für mehrspurige Kraftfahrzeuge und Krafträder mit Beiwagen"
"282","Ende sämtlicher streckenbezogener Geschwindigkeitsbeschränkungen und Überholverbote"
"283","Absolutes Haltverbot"
"283-10","Absolutes Haltverbot - Anfang - Aufstellung rechts"
"283-11","Absolutes Haltverbot - Ende - Aufstellung links"
"283-20","Absolutes Haltverbot - Ende - Aufstellung rechts"
"283-21","Absolutes Haltverbot - Anfang - Aufstellung links"
"283-30","Absolutes Haltverbot - Mitte - Aufstellung rechts"
"283-31","Absolutes Haltverbot - Mitte - Aufstellung links"
"286","Eingeschränktes Haltverbot"
"286-10","Eingeschränktes Haltverbot - Anfang - Aufstellung rechts"
"286-11","Eingeschränktes Haltverbot - Ende - Aufstellung links"
"286-20","Eingeschränktes Haltverbot - Ende - Aufstellung rechts"
"286-21","Eingeschränktes Haltverbot - Anfang - Aufstellung links"
"286-30","Eingeschränktes Haltverbot - Mitte - Aufstellung rechts"
"286-31","Eingeschränktes Haltverbot - Mitte - Aufstellung links"
"290.1","Beginn eines eingeschränkten Haltverbotes für eine Zone"
"290.1-40","Beginn eines eingeschränkten Haltverbotes für eine Zone - doppelseitig (Rückseite Z 290.2)"
"290.2","Ende eines eingeschränkten Haltverbotes für eine Zone Markierungen"
"293","Fußgängerüberweg"
"294","Haltlinie"
"295","Fahrstreifenbegrenzung und Fahrbahnbegrenzung"
"296","Einseitige Fahrstreifenbegrenzung"
"297","Pfeilmarkierungen"
"297.1","Vorankündigungspfeil"
"297.1-21","Vorankündigungspfeil - zur Anzeige eines Fahrstreifenendes"
"298","Sperrfläche"
"299","Grenzmarkierung für Halt- oder Parkverbote"
"301","Vorfahrt"
"306","Vorfahrtstraße"
"307","Ende der Vorfahrtstraße"
"308","Vorrang vor dem Gegenverkehr"
"310","Ortstafel Vorderseite"
"310-40","Ortstafel Vorderseite - doppelseitig (Rückseite Z 311)"
"311","Ortstafel Rückseite"
"314","Parken"
"314-10","Parken - Anfang (Aufstellung rechts) oder Ende (Aufstellung links)"
"314-20","Parken - Ende (Aufstellung rechts) oder Anfang (Aufstellung links)"
"314-30","Parken - Mitte (Aufstellung rechts)"
"314-31","Parken - Mitte (Aufstellung links)"
"314-50","Parkhaus, Parkgarage"
"314.1","Beginn einer Parkraumbewirtschaftungszone"
"314.1-40","Beginn einer Parkraumbewirtschaftungszone - doppelseitig (Rückseite Z 314.2)"
"314.2","Ende einer Parkraumbewirtschaftungszone"
"315","Parken auf Gehwegen"
"315-50","Parken auf Gehwegen - halb in Fahrtrichtung links"
"315-51","Parken auf Gehwegen - halb in Fahrtrichtung links Anfang"
"315-52","Parken auf Gehwegen - halb in Fahrtrichtung links Ende"
"315-53","Parken auf Gehwegen - halb in Fahrtrichtung links Mitte"
"315-55","Parken auf Gehwegen - halb in Fahrtrichtung rechts"
"315-56","Parken auf Gehwegen - halb in Fahrtrichtung rechts Anfang"
"315-57","Parken auf Gehwegen - halb in Fahrtrichtung rechts Ende"
"315-58","Parken auf Gehwegen - halb in Fahrtrichtung rechts Mitte"
"315-60","Parken auf Gehwegen - ganz in Fahrtrichtung links"
"315-61","Parken auf Gehwegen - ganz in Fahrtrichtung links Anfang"
"315-62","Parken auf Gehwegen - ganz in Fahrtrichtung links Ende"
"315-63","Parken auf Gehwegen - ganz in Fahrtrichtung links Mitte"
"315-65","Parken auf Gehwegen - ganz in Fahrtrichtung rechts"
"315-66","Parken auf Gehwegen - ganz in Fahrtrichtung rechts Anfang"
"315-67","Parken auf Gehwegen - ganz in Fahrtrichtung rechts Ende"
"315-68","Parken auf Gehwegen - ganz in Fahrtrichtung rechts Mitte"
"315-70","Parken auf Gehwegen - halb quer zur Fahrtrichtung links"
"315-71","Parken auf Gehwegen - halb quer zur Fahrtrichtung links Anfang"
"315-72","Parken auf Gehwegen - halb quer zur Fahrtrichtung links Ende"
"315-73","Parken auf Gehwegen - halb quer zur Fahrtrichtung links Mitte"
"315-75","Parken auf Gehwegen - halb quer zur Fahrtrichtung rechts"
"315-76","Parken auf Gehwegen - halb quer zur Fahrtrichtung rechts Anfang"
"315-77","Parken auf Gehwegen - halb quer zur Fahrtrichtung rechts Ende"
"315-78","Parken auf Gehwegen - halb quer zur Fahrtrichtung rechts Mitte"
"315-80","Parken auf Gehwegen - ganz quer zur Fahrtrichtung links"
"315-81","Parken auf Gehwegen - ganz quer zur Fahrtrichtung links Anfang"
"315-82","Parken auf Gehwegen - ganz quer zur Fahrtrichtung links Ende"
"315-83","Parken auf Gehwegen - ganz quer zur Fahrtrichtung links Mitte"
"315-85","Parken auf Gehwegen - ganz quer zur Fahrtrichtung rechts"
"315-86","Parken auf Gehwegen - ganz quer zur Fahrtrichtung rechts Anfang"
"315-87","Parken auf Gehwegen - ganz quer zur Fahrtrichtung rechts Ende"
"315-88","Parken auf Gehwegen - ganz quer zur Fahrtrichtung rechts Mitte"
"316","Parken und Reisen"
"316-50","Parken und Mitfahren"
"317","Wandererparkplatz"
"318","Parkscheibe"
"325.1","Beginn eines verkehrsberuhigten Bereichs"
"325.1-40","Beginn eines verkehrsberuhigten Bereichs - doppelseitig (Rückseite Z 325.2)"
"325.2","Ende eines verkehrsberuhigten Bereichs"
"327","Tunnel"
"327-50","Tunnel mit Längenangabe in m"
"327-51","Tunnel mit Längenangabe in km"
"328","Nothalte- und Pannenbucht"
"330.1","Autobahn"
"330.2","Ende der Autobahn"
"331.1","Kraftfahrstraße"
"331.2","Ende der Kraftfahrstraße"
"332","Ausfahrttafel auf der Autobahn"
"332.1","Ausfahrttafel auf anderen Straßen außerhalb der Autobahn"
"332.1-20","Ausfahrttafel auf anderen Straßen außerhalb der Autobahn - in weiß"
"333","Ausfahrt von der Autobahn"
"333.1","Ausfahrt von anderen Straßen außerhalb der Autobahn"
"333.1-20","Ausfahrt von anderen Straßen außerhalb der Autobahn - in weiß"
"340","Leitlinie"
"341","Wartelinie"
"342","Haifischzähne"
"350","Fußgängerüberweg"
"350-10","Fußgängerüberweg - Aufstellung rechts"
"350-20","Fußgängerüberweg - Aufstellung links"
"350-40","Fußgängerüberweg - doppelseitig (-10/ -20)"
"350.1","Radschnellweg"
"350.1-10","Radschnellweg – Aufstellung rechts"
"350.1-20","Radschnellweg – Aufstellung links"
"350.2","Ende des Radschnellwegs"
"350.2-10","Ende des Radschnellwegs - Aufstellung rechts"
"350.2-20","Ende des Radschnellwegs - Aufstellung links"
"354","Wasserschutzgebiet"
"356","Verkehrshelfer"
"357","Sackgasse"
"357-50","Sackgasse - für Radverkehr und Fußgänger durchlässige Sackgasse"
"357-51","Sackgasse - für Fußgänger durchlässige Sackgasse"
"357-52","Sackgasse - für Radverkehr durchlässige Sackgasse"
"358","Erste Hilfe"
"363","Polizei"
"365-50","Fernsprecher"
"365-51","Notrufsäule"
"365-52","Tankstelle"
"365-53","Tankstelle mit Autogas"
"365-54","Tankstelle mit Erdgas"
"365-55","Autobahnhotel"
"365-56","Autobahngasthaus"
"365-57","Autobahnkiosk"
"365-58","Toilette"
"365-59","Autobahnkapelle"
"365-60","Zelt- und Wohnwagenplatz"
"365-61","Informationsstelle"
"365-62","Pannenhilfe"
"365-63","Fußgängerunterführung"
"365-64","Fußgängerüberführung"
"365-65","Ladestation für Elektrofahrzeuge"
"365-66","Wasserstofftankstelle"
"365-67","Wohnmobilplatz"
"365-68","Wohnmobil- und Wohnwagenplatz"
"365-69","Tankstelle mit Flüssigerdgas"
"365-70","Tankmöglichkeit verschiedene Kraftstoffarten"
"365-71","Tankmöglichkeit alle Kraftstoffarten"
"385","Ortshinweistafel"
"386.1","Touristischer Hinweis"
"386.1-10","Touristischer Hinweis als Wegweiser - Wegweiser linksweisend"
"386.1-11","Touristischer Hinweis als Wegweiser - Vorwegweiser linksweisend"
"386.1-12","Touristischer Hinweis als Wegweiser - Pfeilwegweiser linksweisend"
"386.1-20","Touristischer Hinweis als Wegweiser - Wegweiser rechtsweisend"
"386.1-21","Touristischer Hinweis als Wegweiser - Vorwegweiser rechtsweisend"
"386.1-22","Touristischer Hinweis als Wegweiser - Pfeilwegweiser rechtsweisend"
"386.1-30","Touristischer Hinweis als Wegweiser - Vor-/ Wegweiser geradeaus"
"386.1-40","Touristischer Hinweis als Wegweiser - Pfeilwegweiser doppelseitig"
"386.1-50","Touristischer Hinweis mit Bezugsziel - Variante "in""
"386.1-51","Touristischer Hinweis mit Bezugsziel - Variante "via""
"386.1-52","Touristischer Hinweis mit Bezugsziel - Variante "Richtung""
"386.1-53","Touristischer Hinweis Fluss oder Kanal"
"386.2","Touristische Route"
"386.2-10","Touristische Route - Wegweiser linksweisend"
"386.2-11","Touristische Route - Vorwegweiser linksweisend"
"386.2-12","Touristische Route - Pfeilwegweiser linksweisend"
"386.2-20","Touristische Route - Wegweiser rechtsweisend"
"386.2-21","Touristische Route - Vorwegweiser rechtsweisend"
"386.2-22","Touristische Route - Pfeilwegweiser rechtsweisend"
"386.2-30","Touristische Route - Vor-/ Wegweiser geradeaus"
"386.2-40","Touristische Route - Pfeilwegweiser doppelseitig"
"386.2-51","Touristische Route - Hinweis mit Bezugsziel, Variante "via""
"386.2-52","Touristische Route - Hinweis mit Bezugsziel, Variante "Richtung""
"386.2-53","Touristische Route als Hinweisschild"
"386.3","Touristische Unterrichtungstafel"
"386.3-50","Touristische Unterrichtungstafel - Erinnerungstafel gemäß "Brocken-Erklärung""
"390","Mautpflicht nach dem Bundesfernstraßenmautgesetz"
"390.2","Ende der Mautpflicht nach dem Bundesfernstraßenmautgesetz"
"391","Mautpflichtige Strecke"
"392","Zollstelle"
"393","Informationstafel an Grenzübergangsstellen"
"394","Laternenring"
"394-50","Laternenring - Schild"
"401","Bundesstraßen"
"405","Autobahnen"
"406","Knotenpunkte der Autobahnen"
"406-50","Knotenpunkte der Autobahnen - ein- oder zweistellige Nummer"
"406-51","Knotenpunkte der Autobahnen - drei- oder mehrstellige Nummer"
"410","Europastraßen"
"415","Pfeilwegweiser auf Bundesstraßen"
"415-10","Pfeilwegweiser auf Bundesstraßen - linksweisend"
"415-20","Pfeilwegweiser auf Bundesstraßen - rechtsweisend"
"415-40","Pfeilwegweiser auf Bundesstraßen - doppelseitig"
"418","Pfeilwegweiser auf sonstigen Straßen"
"418-10","Pfeilwegweiser auf sonstigen Straßen - linksweisend"
"418-20","Pfeilwegweiser auf sonstigen Straßen - rechtsweisend"
"418-40","Pfeilwegweiser auf sonstigen Straßen - doppelseitig"
"419","Pfeilwegweiser auf sonstigen Straßen mit geringerer Verkehrsbedeutung"
"419-10","Pfeilwegweiser auf sonstigen Straßen mit geringerer Verkehrsbedeutung - linksweisend"
"419-20","Pfeilwegweiser auf sonstigen Straßen mit geringerer Verkehrsbedeutung - rechtsweisend"
"419-40","Pfeilwegweiser auf sonstigen Straßen mit geringerer Verkehrsbedeutung - doppelseitig"
"421","Pfeilwegweiser für bestimmte Verkehrsarten"
"421-10","Pfeilwegweiser für bestimmte Verkehrsarten, KFZ mit einer zulässigen Gesamtmasse über 3,5 t - linksweisend"
"421-11","Pfeilwegweiser für bestimmte Verkehrsarten, kennzeichnungspflichtige Fahrzeuge mit gefährlichen Gütern - linksweisend"
"421-12","Pfeilwegweiser für bestimmte Verkehrsarten, Fahrzeuge mit wassergefährdender Ladung - linksweisend"
"421-20","Pfeilwegweiser für bestimmte Verkehrsarten, KFZ mit einer zulässigen Gesamtmasse über 3,5 t - rechtsweisend"
"421-21","Pfeilwegweiser für bestimmte Verkehrsarten, kennzeichnungspflichtige Fahrzeuge mit gefährlichen Gütern - rechtsweisend"
"421-22","Pfeilwegweiser für bestimmte Verkehrsarten, Fahrzeuge mit wassergefährdender Ladung - rechtsweisend"
"421-40","Pfeilwegweiser für bestimmte Verkehrsarten, KFZ mit einer zulässigen Gesamtmasse über 3,5 t - doppelseitig"
"421-41","Pfeilwegweiser für bestimmte Verkehrsarten, kennzeichnungspflichtige Fahrzeuge mit gefährlichen Gütern - doppelseitig"
"421-42","Pfeilwegweiser für bestimmte Verkehrsarten, Fahrzeuge mit wassergefährdender Ladung - doppelseitig"
"422","Wegweiser für bestimmte Verkehrsarten"
"422-10","Wegweiser für bestimmte Verkehrsarten, KFZ mit einer zulässigen Gesamtmasse über 3,5 t - hier links"
"422-11","Wegweiser für bestimmte Verkehrsarten, KFZ mit einer zulässigen Gesamtmasse über 3,5 t - links einordnen"
"422-12","Wegweiser für bestimmte Verkehrsarten, Kennzeichnungspflichtige Fahrzeuge mit gefährlichen Gütern - hier links"
"422-13","Wegweiser für bestimmte Verkehrsarten, Kennzeichnungspflichtige Fahrzeuge mit gefährlichen Gütern - links einordnen"
"422-14","Wegweiser für bestimmte Verkehrsarten, Fahrzeuge mit wassergefährdender Ladung - hier links"
"422-15","Wegweiser für bestimmte Verkehrsarten, Fahrzeuge mit wassergefährdender Ladung - links einordnen"
"422-16","Wegweiser für bestimmte Verkehrsarten, Radverkehr - hier links"
"422-17","Wegweiser für bestimmte Verkehrsarten, Radverkehr - links einordnen"
"422-20","Wegweiser für bestimmte Verkehrsarten, KFZ mit einer zulässigen Gesamtmasse über 3,5 t - hier rechts"
"422-21","Wegweiser für bestimmte Verkehrsarten, KFZ mit einer zulässigen Gesamtmasse über 3,5 t - rechts einordnen"
"422-22","Wegweiser für bestimmte Verkehrsarten, Kennzeichnungspflichtige Fahrzeuge mit gefährlichen Gütern - hier rechts"
"422-23","Wegweiser für bestimmte Verkehrsarten, Kennzeichnungspflichtige Fahrzeuge mit gefährlichen Gütern - rechts einordnen"
"422-24","Wegweiser für bestimmte Verkehrsarten, Fahrzeuge mit wassergefährdender Ladung - hier rechts"
"422-25","Wegweiser für bestimmte Verkehrsarten, Fahrzeuge mit wassergefährdender Ladung - rechts einordnen"
"422-26","Wegweiser für bestimmte Verkehrsarten, Radverkehr - hier rechts"
"422-27","Wegweiser für bestimmte Verkehrsarten, Radverkehr - rechts einordnen"
"422-30","Wegweiser für bestimmte Verkehrsarten, KFZ mit einer zulässigen Gesamtmasse über 3,5 t - geradeaus"
"422-32","Wegweiser für bestimmte Verkehrsarten, Kennzeichnungspflichtige Fahrzeuge mit gefährlichen Gütern - geradeaus"
"422-34","Wegweiser für bestimmte Verkehrsarten, Fahrzeuge mit wassergefährdender Ladung - geradeaus"
"422-36","Wegweiser für bestimmte Verkehrsarten, Radverkehr - geradeaus"
"430","Pfeilwegweiser zur Autobahn"
"430-10","Pfeilwegweiser zur Autobahn - linksweisend"
"430-20","Pfeilwegweiser zur Autobahn - rechtsweisend"
"430-40","Pfeilwegweiser zur Autobahn - doppelseitig"
"432","Pfeilwegweiser zu Zielen mit erheblicher Verkehrsbedeutung"
"432-10","Pfeilwegweiser zu Zielen mit erheblicher Verkehrsbedeutung - linksweisend"
"432-20","Pfeilwegweiser zu Zielen mit erheblicher Verkehrsbedeutung - rechtsweisend"
"432-40","Pfeilwegweiser zu Zielen mit erheblicher Verkehrsbedeutung - doppelseitig"
"434","Tabellenwegweiser"
"434-50","Tabellenwegweiser - kompakte Form"
"434-51","Tabellenwegweiser - teilaufgelöste Form"
"434-52","Tabellenwegweiser - aufgelöste Form (nur innerorts) mit Bundesstraßennummer"
"434-53","Tabellenwegweiser - aufgelöste Form (nur innerorts) ohne Bundesstraßennummer"
"437","Straßennamensschild"
"438","Vorwegweiser außerhalb von Autobahnen"
"439","Gegliederter Vorwegweiser außerhalb von Autobahnen"
"440","Vorwegweiser zur Autobahn"
"441","Gegliederter Vorwegweiser zur Autobahn"
"442","Vorwegweiser für bestimmte Verkehrsarten"
"442-10","KFZ mit einer zulässigen Gesamtmasse über 3,5 t - linksweisend"
"442-11","Kennzeichnungspflichtige Fahrzeuge mit gefährlichen Gütern - linksweisend"
"442-12","Fahrzeuge mit wassergefährdender Ladung - linksweisend"
"442-13","Radverkehr - linksweisend"
"442-14","KFZ mit einer zulässigen Gesamtmasse über 3,5 t – im Kreisverkehr linksweisend"
"442-15","Kennzeichnungspflichtige Fahrzeuge mit gefährlichen Gütern - im Kreisverkehr linksweisend"
"442-16","Fahrzeuge mit wassergefährdender Ladung - im Kreisverkehr linksweisend"
"442-17","Radverkehr - im Kreisverkehr linksweisend"
"442-20","KFZ mit einer zulässigen Gesamtmasse über 3,5 t - rechtsweisend"
"442-21","Kennzeichnungspflichtige Fahrzeuge mit gefährlichen Gütern - rechtsweisend"
"442-22","Fahrzeuge mit wassergefährdender Ladung - rechtsweisend"
"442-23","Radverkehr - rechtsweisend"
"442-24","KFZ mit einer zulässigen Gesamtmasse über 3,5 t - im Kreisverkehr rechtsweisend"
"442-25","Kennzeichnungspflichtige Fahrzeuge mit gefährlichen Gütern - im Kreisverkehr rechtsweisend"
"442-26","Fahrzeuge mit wassergefährdender Ladung - im Kreisverkehr rechtsweisend"
"442-27","Radverkehr - im Kreisverkehr rechtsweisend"
"442-30","KFZ mit einer zulässigen Gesamtmasse über 3,5 t - im Kreisverkehr geradeausweisend"
"442-31","Kennzeichnungspflichtige Fahrzeuge mit gefährlichen Gütern - im Kreisverkehr geradeausweisend"
"442-32","Fahrzeuge mit wassergefährdender Ladung - im Kreisverkehr geradeausweisend"
"442-33","Radverkehr - im Kreisverkehr geradeausweisend"
"442-50","KFZ mit einer zulässigen Gesamtmasse über 3,5 t - ohne Pfeilsymbol"
"442-51","Kennzeichnungspflichtige Fahrzeuge mit gefährlichen Gütern - ohne Pfeilsymbol"
"442-52","Fahrzeuge mit wassergefährdender Ladung - ohne Pfeilsymbol"
"442-53","Radverkehr - ohne Pfeilsymbol"
"448","Ankündigungstafel"
"448-50","Ankündigungstafel - auf anderen Straßen außerhalb von Autobahnen"
"448.1","Autohof"
"449","Vorwegweiser auf Autobahnen"
"449-50","Vorwegweiser - auf anderen Straßen außerhalb von Autobahnen"
"450","Ankündigungsbake"
"450-50","Ankündigungsbake einstreifig (100 m)"
"450-51","Ankündigungsbake zweistreifig (200 m)"
"450-52","Ankündigungsbake dreistreifig (300 m)"
"450-53","Ankündigungsbake einstreifig (100 m, gelb)"
"450-54","Ankündigungsbake zweistreifig (200 m, gelb)"
"450-55","Ankündigungsbake dreistreifig (300 m, gelb)"
"453","Entfernungstafel"
"453-50","Entfernungstafel auf autobahnähnlich ausgebauten, zweibahnigen Straßen"
"454","Umleitungswegweiser"
"454-10","Umleitungswegweiser - linksweisend"
"454-20","Umleitungswegweiser - rechtsweisend"
"454-40","Umleitungswegweiser - doppelseitig"
"455.1","Ankündigung oder Fortsetzung der Umleitung"
"455.1-10","Ankündigung oder Fortsetzung der Umleitung - Vorankündigung links"
"455.1-11","Ankündigung oder Fortsetzung der Umleitung - hier links"
"455.1-12","Ankündigung oder Fortsetzung der Umleitung - links einordnen"
"455.1-13","Ankündigung oder Fortsetzung der Umleitung – im Kreisverkehr links"
"455.1-20","Ankündigung oder Fortsetzung der Umleitung - Vorankündigung rechts"
"455.1-21","Ankündigung oder Fortsetzung der Umleitung - hier rechts"
"455.1-22","Ankündigung oder Fortsetzung der Umleitung - rechts einordnen"
"455.1-23","Ankündigung oder Fortsetzung der Umleitung – im Kreisverkehr rechts"
"455.1-30","Ankündigung oder Fortsetzung der Umleitung - geradeaus"
"455.1-31","Ankündigung oder Fortsetzung der Umleitung – im Kreisverkehr geradeaus"
"455.1-50","Ankündigung oder Fortsetzung der Umleitung - ohne Pfeilsymbol"
"455.2","Ende der Umleitung (in Verb. m. Z 455.1)"
"457.1","Umleitungsankündigung"
"457.2","Ende der Umleitung"
"458","Planskizze"
"460","Bedarfsumleitung"
"460-10","Bedarfsumleitung - Vorankündigung links"
"460-11","Bedarfsumleitung - hier links"
"460-12","Bedarfsumleitung - links einordnen"
"460-13","Bedarfsumleitung – im Kreisverkehr links"
"460-20","Bedarfsumleitung - Vorankündigung rechts"
"460-21","Bedarfsumleitung - hier rechts"
"460-22","Bedarfsumleitung - rechts einordnen"
"460-23","Bedarfsumleitung – im Kreisverkehr rechts"
"460-30","Bedarfsumleitung - geradeaus"
"460-31","Bedarfsumleitung – im Kreisverkehr geradeaus"
"460-50","Bedarfsumleitung - ohne Pfeilsymbol"
"466","Weiterführende Bedarfsumleitung"
"467.1","Umlenkungspfeil (Streckenempfehlung)"
"467.1-10","Umlenkungspfeil (Streckenempfehlung) - linksweisend"
"467.1-20","Umlenkungspfeil (Streckenempfehlung) - rechtsweisend"
"467.1-30","Umlenkungspfeil (Streckenempfehlung) - geradeaus"
"467.2","Umlenkungspfeil Ende (Ende einer Streckenempfehlung)"
"501","Überleitungstafel - ohne Gegenverkehr"
"501-10","Überleitungstafel - ohne Gegenverkehr - 1-streifig nach links"
"501-11","Überleitungstafel - ohne Gegenverkehr - 2-streifig nach links"
"501-12","Überleitungstafel - ohne Gegenverkehr - 3-streifig nach links"
"501-13","Überleitungstafel - ohne Gegenverkehr - 2-streifig nach links, davon 1 Fahrstreifen übergeleitet"
"501-14","Überleitungstafel - ohne Gegenverkehr - 3-streifig nach links, davon 1 Fahrstreifen übergeleitet"
"501-15","Überleitungstafel - ohne Gegenverkehr - 3-streifig nach links, davon 2 Fahrstreifen übergeleitet"
"501-16","Überleitungstafel - ohne Gegenverkehr – 2-streifig, davon linker Fahrstreifen nach links übergeleitet und rechter Fahrstreifen geradeaus"
"501-17","Überleitungstafel - ohne Gegenverkehr - 3-streifig, davon linker Fahrstreifen nach links übergeleitet und die beiden rechten Fahrstreifen geradeaus"
"501-18","Überleitungstafel - ohne Gegenverkehr - 3-streifig, davon die beiden linken Fahrstreifen nach links übergeleitet und rechter Fahrstreifen geradeaus"
"501-19","Überleitungstafel - ohne Gegenverkehr - 4-streifig, davon linker Fahrstreifen nach links übergeleitet und die drei rechten Fahrstreifen geradeaus"
"501-20","Überleitungstafel - ohne Gegenverkehr - 1-streifig nach rechts"
"501-21","Überleitungstafel - ohne Gegenverkehr - 2-streifig nach rechts"
"501-22","Überleitungstafel - ohne Gegenverkehr - 3-streifig nach rechts"
"501-23","Überleitungstafel - ohne Gegenverkehr - 2-streifig nach rechts, davon 1 Fahrstreifen übergeleitet"
"501-24","Überleitungstafel - ohne Gegenverkehr - 3-streifig nach rechts, davon 1 Fahrstreifen übergeleitet"
"501-25","Überleitungstafel - ohne Gegenverkehr - 3-streifig nach rechts, davon 2 Fahrstreifen übergeleitet"
"501-26","Überleitungstafel - ohne Gegenverkehr - 2-streifig, davon linker Fahrstreifen nach rechts übergeleitet und rechter Fahrstreifen geradeaus"
"501-27","Überleitungstafel - ohne Gegenverkehr - 3-streifig, davon linker Fahrstreifen nach rechts übergeleitet und die beiden rechten Fahrstreifen geradeaus"
"501-28","Überleitungstafel - ohne Gegenverkehr - 3-streifig, davon die beiden linken Fahrstreifen nach rechts übergeleitet und rechter Fahrstreifen geradeaus"
"501-29","Überleitungstafel - ohne Gegenverkehr - 4-streifig, davon linker Fahrstreifen nach rechts übergeleitet und die drei rechten Fahrstreifen geradeaus"
"501-50","Überleitungstafel - ohne Gegenverkehr - 4-streifig, davon die beiden linken Fahrstreifen nach links übergeleitet und die beiden rechten Fahrstreifen geradeaus"
"501-51","Überleitungstafel - ohne Gegenverkehr - 4-streifig, davon die drei linken Fahrstreifen nach links übergeleitet und rechter Fahrstreifen geradeaus"
"501-52","Überleitungstafel - ohne Gegenverkehr - 4-streifig nach links, davon 1 Fahrstreifen übergeleitet"
"501-53","Überleitungstafel - ohne Gegenverkehr - 4-streifig nach links, davon 2 Fahrstreifen übergeleitet"
"501-54","Überleitungstafel - ohne Gegenverkehr - 4-streifig nach links, davon 3 Fahrstreifen übergeleitet"
"501-60","Überleitungstafel - ohne Gegenverkehr - 4-streifig, davon die beiden linken Fahrstreifen nach rechts übergeleitet und die beiden rechten Fahrstreifen geradeaus"
"501-61","Überleitungstafel - ohne Gegenverkehr - 4-streifig, davon die drei linken Fahrstreifen nach rechts übergeleitet und rechter Fahrstreifen geradeaus"
"501-62","Überleitungstafel - ohne Gegenverkehr - 4-streifig nach rechts, davon 1 Fahrstreifen übergeleitet"
"501-63","Überleitungstafel - ohne Gegenverkehr - 4-streifig nach rechts, davon 2 Fahrstreifen übergeleitet"
"501-64","Überleitungstafel - ohne Gegenverkehr - 4-streifig nach rechts, davon 3 Fahrstreifen übergeleitet"
"501-70","Überleitungstafel - ohne Gegenverkehr - 2-streifig, davon linker Fahrstreifen nach links übergeleitet und rechter Fahrstreifen nach rechts verschwenkt"
"501-71","Überleitungstafel - ohne Gegenverkehr - 3-streifig, davon linker Fahrstreifen nach links übergeleitet und die beiden rechten Fahrstreifen nach rechts verschwenkt"
"501-72","Überleitungstafel - ohne Gegenverkehr - 3-streifig, davon die beiden linken Fahrstreifen nach links übergeleitet und rechter Fahrstreifen nach rechts verschwenkt"
"501-73","Überleitungstafel - ohne Gegenverkehr - 4-streifig, davon linker Fahrstreifen nach links übergeleitet und die drei rechten Fahrstreifen nach rechts verschwenkt"
"501-74","Überleitungstafel - ohne Gegenverkehr - 4-streifig, davon die beiden linken Fahrstreifen nach links übergeleitet und die beiden rechten Fahrstreifen nach rechts verschwenkt"
"501-75","Überleitungstafel - ohne Gegenverkehr - 4-streifig, davon die drei linken Fahrstreifen nach links übergeleitet und rechter Fahrstreifen nach rechts verschwenkt"
"501-80","Überleitungstafel - ohne Gegenverkehr - 2-streifig, davon linker Fahrstreifen nach rechts übergeleitet und rechter Fahrstreifen nach links verschwenkt"
"501-81","Überleitungstafel - ohne Gegenverkehr - 3-streifig, davon linker Fahrstreifen nach rechts übergeleitet und die beiden rechten Fahrstreifen nach links verschwenkt"
"501-82","Überleitungstafel - ohne Gegenverkehr - 3-streifig, davon die beiden linken Fahrstreifen nach rechts übergeleitet und rechter Fahrstreifen nach links verschwenkt"
"501-83","Überleitungstafel - ohne Gegenverkehr - 4-streifig, davon linker Fahrstreifen nach rechts übergeleitet und die drei rechten Fahrstreifen nach links verschwenkt"
"501-84","Überleitungstafel - ohne Gegenverkehr - 4-streifig, davon die beiden linken Fahrstreifen nach rechts übergeleitet und die beiden rechten Fahrstreifen nach links verschwenkt"
"501-85","Überleitungstafel - ohne Gegenverkehr - 4-streifig, davon die drei linken Fahrstreifen nach rechts übergeleitet und rechter Fahrstreifen nach links verschwenkt"
"505","Überleitungstafel - ohne Gegenverkehr mit integriertem Zeichen 264 StVO"
"505-11","Überleitungstafel - ohne Gegenverkehr mit integriertem Zeichen 264 StVO - 2-streifig nach links"
"505-12","Überleitungstafel - ohne Gegenverkehr mit integriertem Zeichen 264 StVO - 3-streifig nach links"
"505-21","Überleitungstafel - ohne Gegenverkehr mit integriertem Zeichen 264 StVO - 2-streifig nach rechts"
"505-22","Überleitungstafel - ohne Gegenverkehr mit integriertem Zeichen 264 StVO - 3-streifig nach rechts"
"511","Verschwenkungstafel - ohne Gegenverkehr"
"511-10","Verschwenkungstafel - ohne Gegenverkehr - 1-streifig nach links"
"511-11","Verschwenkungstafel - ohne Gegenverkehr - 2-streifig nach links"
"511-12","Verschwenkungstafel - ohne Gegenverkehr - 3-streifig nach links"
"511-13","Verschwenkungstafel - ohne Gegenverkehr - 4-streifig nach links"
"511-20","Verschwenkungstafel - ohne Gegenverkehr - 1-streifig nach rechts"
"511-21","Verschwenkungstafel - ohne Gegenverkehr - 2-streifig nach rechts"
"511-22","Verschwenkungstafel - ohne Gegenverkehr - 3-streifig nach rechts"
"511-23","Verschwenkungstafel - ohne Gegenverkehr - 4-streifig nach rechts"
"511-25","Verschwenkungstafel - ohne Gegenverkehr - 1-streifige Verschwenkung auf den Seitenstreifen"
"511-26","Verschwenkungstafel - ohne Gegenverkehr - 2-streifige Verschwenkung, 1-streifig auf den Seitenstreifen"
"511-27","Verschwenkungstafel - ohne Gegenverkehr - 3-streifige Verschwenkung, 1-streifig auf den Seitenstreifen"
"511-28","Verschwenkungstafel - ohne Gegenverkehr - 4-streifige Verschwenkung, 1-streifigauf den Seitenstreifen"
"512","Verschwenkungstafel - mit Gegenverkehr"
"512-10","Verschwenkungstafel - mit Gegenverkehr – Verschwenkung nach links 1-streifig in Fahrtrichtung und 1-streifig in Gegenrichtung"
"512-11","Verschwenkungstafel - mit Gegenverkehr – Verschwenkung nach links 1-streifig in Fahrtrichtung und 2-streifig in Gegenrichtung"
"512-12","Verschwenkungstafel - mit Gegenverkehr – Verschwenkung nach links 2-streifig in Fahrtrichtung und 1-streifig in Gegenrichtung"
"512-20","Verschwenkungstafel - mit Gegenverkehr – Verschwenkung nach rechts 1-streifig in Fahrtrichtung und 1-streifig in Gegenrichtung"
"512-21","Verschwenkungstafel - mit Gegenverkehr – Verschwenkung nach rechts 1-streifig in Fahrtrichtung und 2-streifig in Gegenrichtung"
"512-22","Verschwenkungstafel - mit Gegenverkehr – Verschwenkung nach rechts 2-streifig in Fahrtrichtung und 1-streifig in Gegenrichtung"
"513","Verschwenkungstafel kurze Verschwenkung - ohne Gegenverkehr"
"513-10","Verschwenkungstafel kurze Verschwenkung - ohne Gegenverkehr - 1-streifig nach links"
"513-11","Verschwenkungstafel kurze Verschwenkung - ohne Gegenverkehr - 2-streifig nach links"
"513-12","Verschwenkungstafel kurze Verschwenkung - ohne Gegenverkehr - 3-streifig nach links"
"513-13","Verschwenkungstafel kurze Verschwenkung - ohne Gegenverkehr - 4-streifig nach links"
"513-14","Verschwenkungstafel kurze Verschwenkung - ohne Gegenverkehr - 5-streifig nach links"
"513-20","Verschwenkungstafel kurze Verschwenkung - ohne Gegenverkehr - 1-streifig nach rechts"
"513-21","Verschwenkungstafel kurze Verschwenkung - ohne Gegenverkehr - 2-streifig nach rechts"
"513-22","Verschwenkungstafel kurze Verschwenkung - ohne Gegenverkehr - 3-streifig nach rechts"
"513-23","Verschwenkungstafel kurze Verschwenkung - ohne Gegenverkehr - 4-streifig nach rechts"
"513-24","Verschwenkungstafel kurze Verschwenkung - ohne Gegenverkehr - 5-streifig nach rechts"
"514","Verschwenkungstafel kurze Verschwenkung - mit Gegenverkehr"
"514-10","Verschwenkungstafel kurze Verschwenkung - mit Gegenverkehr  – nach links 1-streifig in Fahrtrichtung und 1-streifig in Gegenrichtung"
"514-11","Verschwenkungstafel kurze Verschwenkung - mit Gegenverkehr  – nach links 2-streifig in Fahrtrichtung und 1-streifig in Gegenrichtung"
"514-12","Verschwenkungstafel kurze Verschwenkung - mit Gegenverkehr  – nach links 3-streifig in Fahrtrichtung und 1-streifig in Gegenrichtung"
"514-13","Verschwenkungstafel kurze Verschwenkung - mit Gegenverkehr  – nach links 1-streifig in Fahrtrichtung und 2-streifig in Gegenrichtung"
"514-14","Verschwenkungstafel kurze Verschwenkung - mit Gegenverkehr  – nach links 2-streifig in Fahrtrichtung und 2-streifig in Gegenrichtung"
"514-15","Verschwenkungstafel kurze Verschwenkung - mit Gegenverkehr  – nach links 3-streifig in Fahrtrichtung und 2-streifig in Gegenrichtung"
"514-16","Verschwenkungstafel kurze Verschwenkung - mit Gegenverkehr  – nach links 1-streifig in Fahrtrichtung und 3-streifig in Gegenrichtung"
"514-17","Verschwenkungstafel kurze Verschwenkung - mit Gegenverkehr  – nach links 2-streifig in Fahrtrichtung und 3-streifig in Gegenrichtung"
"514-18","Verschwenkungstafel kurze Verschwenkung - mit Gegenverkehr  – nach links 3-streifig in Fahrtrichtung und 3-streifig in Gegenrichtung"
"514-20","Verschwenkungstafel kurze Verschwenkung - mit Gegenverkehr  – nach rechts 1-streifig in Fahrtrichtung und 1-streifig in Gegenrichtung"
"514-21","Verschwenkungstafel kurze Verschwenkung - mit Gegenverkehr  – nach rechts 2-streifig in Fahrtrichtung und 1-streifig in Gegenrichtung"
"514-22","Verschwenkungstafel kurze Verschwenkung - mit Gegenverkehr  – nach rechts 3-streifig in Fahrtrichtung und 1-streifig in Gegenrichtung"
"514-23","Verschwenkungstafel kurze Verschwenkung - mit Gegenverkehr  – nach rechts 1-streifig in Fahrtrichtung und 2-streifig in Gegenrichtung"
"514-24","Verschwenkungstafel kurze Verschwenkung - mit Gegenverkehr  – nach rechts 2-streifig in Fahrtrichtung und 2-streifig in Gegenrichtung"
"514-25","Verschwenkungstafel kurze Verschwenkung - mit Gegenverkehr  – nach rechts 3-streifig in Fahrtrichtung und 2-streifig in Gegenrichtung"
"514-26","Verschwenkungstafel kurze Verschwenkung - mit Gegenverkehr  – nach rechts 1-streifig in Fahrtrichtung und 3-streifig in Gegenrichtung"
"514-27","Verschwenkungstafel kurze Verschwenkung - mit Gegenverkehr  – nach rechts 2-streifig in Fahrtrichtung und 3-streifig in Gegenrichtung"
"514-28","Verschwenkungstafel kurze Verschwenkung - mit Gegenverkehr  – nach rechts 3-streifig in Fahrtrichtung und 3-streifig in Gegenrichtung"
"515","Verschwenkungstafel - ohne Gegenverkehr mit integriertem Zeichen 264"
"515-11","Verschwenkungstafel - ohne Gegenverkehr mit integriertem Zeichen 264 - 2-streifig nach links"
"515-12","Verschwenkungstafel - ohne Gegenverkehr mit integriertem Zeichen 264 - 3-streifig nach links"
"515-21","Verschwenkungstafel - ohne Gegenverkehr mit integriertem Zeichen 264 - 2-streifig nach rechts"
"515-22","Verschwenkungstafel - ohne Gegenverkehr mit integriertem Zeichen 264 - 3-streifig nach rechts"
"521","Fahrstreifentafel - ohne Gegenverkehr"
"521-30","Fahrstreifentafel - ohne Gegenverkehr - 2-streifig in Fahrtrichtung"
"521-31","Fahrstreifentafel - ohne Gegenverkehr - 3-streifig in Fahrtrichtung"
"521-32","Fahrstreifentafel - ohne Gegenverkehr - 4-streifig in Fahrtrichtung"
"521-33","Fahrstreifentafel - ohne Gegenverkehr - 5-streifig in Fahrtrichtung"
"522","Fahrstreifentafel - mit Gegenverkehr"
"522-30","Fahrstreifentafel - mit Gegenverkehr 1-streifig in Fahrtrichtung und 1-streifig in Gegenrichtung"
"522-31","Fahrstreifentafel - mit Gegenverkehr 2-streifig in Fahrtrichtung und 1-streifig in Gegenrichtung"
"522-32","Fahrstreifentafel - mit Gegenverkehr 1-streifig in Fahrtrichtung und 2-streifig in Gegenrichtung"
"522-33","Fahrstreifentafel - mit Gegenverkehr 2-streifig in Fahrtrichtung und 2-streifig in Gegenrichtung"
"522-34","Fahrstreifentafel - mit Gegenverkehr 3-streifig in Fahrtrichtung und 2-streifig in Gegenrichtung"
"522-35","Fahrstreifentafel - mit Gegenverkehr 2-streifig in Fahrtrichtung und 3-streifig in Gegenrichtung"
"522-36","Fahrstreifentafel - mit Gegenverkehr 3-streifig in Fahrtrichtung und 3-streifig in Gegenrichtung"
"522-37","Fahrstreifentafel - mit Gegenverkehr 3-streifig in Fahrtrichtung und 1-streifig in Gegenrichtung"
"522-38","Fahrstreifentafel - mit Gegenverkehr 1-streifig in Fahrtrichtung und 3-streifig in Gegenrichtung"
"523","Fahrstreifentafel - ohne Gegenverkehr mit integrierten Zeichen 274"
"523-30","Fahrstreifentafel - ohne Gegenverkehr mit integrierten Zeichen 274 - 2-streifig in Fahrtrichtung"
"523-31","Fahrstreifentafel - ohne Gegenverkehr mit integrierten Zeichen 274 - 3-streifig in Fahrtrichtung"
"524","Fahrstreifentafel - ohne Gegenverkehr mit integriertem Zeichen 253"
"524-30","Fahrstreifentafel - ohne Gegenverkehr mit integriertem Zeichen 253 - 2-streifig in Fahrtrichtung"
"524-31","Fahrstreifentafel - ohne Gegenverkehr mit integriertem Zeichen 253 - 3-streifig in Fahrtrichtung"
"524-32","Fahrstreifentafel - ohne Gegenverkehr mit integriertem Zeichen 253 - 4-streifig in Fahrtrichtung"
"524-33","Fahrstreifentafel - ohne Gegenverkehr mit integriertem Zeichen 253 - 5-streifig in Fahrtrichtung"
"525","Fahrstreifentafel - ohne Gegenverkehr mit integrierten Zeichen 275"
"525-31","Fahrstreifentafel - ohne Gegenverkehr mit integrierten Zeichen 275 - 3-streifig in Fahrtrichtung"
"526","Fahrstreifentafel - mit Gegenverkehr mit integriertem Zeichen 275"
"526-31","Fahrstreifentafel - mit Gegenverkehr mit integriertem Zeichen 275 - 2-streifig in Fahrtrichtung und 1-streifig in Gegenrichtung"
"526-33","Fahrstreifentafel - mit Gegenverkehr mit integriertem Zeichen 275 - 2-streifig in Fahrtrichtung und 2-streifig in Gegenrichtung"
"527","Fahrstreifentafel - ohne Gegenverkehr mit integrierten Zeichen 262"
"527-30","Fahrstreifentafel - ohne Gegenverkehr mit integrierten Zeichen 262 - 2-streifig in Fahrtrichtung"
"527-31","Fahrstreifentafel - ohne Gegenverkehr mit integrierten Zeichen 262 - 3-streifig in Fahrtrichtung"
"528","Fahrstreifentafel - ohne Gegenverkehr mit integrierten Zeichen 263"
"528-30","Fahrstreifentafel - ohne Gegenverkehr mit integrierten Zeichen 263 - 2-streifig in Fahrtrichtung"
"528-31","Fahrstreifentafel - ohne Gegenverkehr mit integrierten Zeichen 263 - 3-streifig in Fahrtrichtung"
"529","Fahrstreifentafel - ohne Gegenverkehr mit integrierten Zeichen 265"
"529-30","Fahrstreifentafel - ohne Gegenverkehr mit integrierten Zeichen 265 - 2-streifig in Fahrtrichtung"
"529-31","Fahrstreifentafel - ohne Gegenverkehr mit integrierten Zeichen 265 - 3-streifig in Fahrtrichtung"
"531","Einengungstafel - ohne Gegenverkehr"
"531-10","Einengungstafel - ohne Gegenverkehr - Einzug rechts, von 2 auf 1 Fahrstreifen"
"531-11","Einengungstafel - ohne Gegenverkehr - Einzug rechts, von 3 auf 2 Fahrstreifen"
"531-12","Einengungstafel - ohne Gegenverkehr - Einzug rechts, von 4 auf 3 Fahrstreifen"
"531-13","Einengungstafel - ohne Gegenverkehr - Einzug rechts, von 5 auf 4 Fahrstreifen"
"531-14","Einengungstafel - ohne Gegenverkehr - Einzug rechts, von 3 auf 1 Fahrstreifen"
"531-15","Einengungstafel - ohne Gegenverkehr - Einzug rechts, von 4 auf 2 Fahrstreifen"
"531-16","Einengungstafel - ohne Gegenverkehr - Einzug rechts, von 5 auf 3 Fahrstreifen"
"531-20","Einengungstafel - ohne Gegenverkehr - Einzug links, von 2 auf 1 Fahrstreifen"
"531-21","Einengungstafel - ohne Gegenverkehr - Einzug links, von 3 auf 2 Fahrstreifen"
"531-22","Einengungstafel - ohne Gegenverkehr - Einzug links, von 4 auf 3 Fahrstreifen"
"531-23","Einengungstafel - ohne Gegenverkehr - Einzug links, von 5 auf 4 Fahrstreifen"
"531-24","Einengungstafel - ohne Gegenverkehr - Einzug links, von 3 auf 1 Fahrstreifen"
"531-25","Einengungstafel - ohne Gegenverkehr - Einzug links, von 4 auf 2 Fahrstreifen"
"531-26","Einengungstafel - ohne Gegenverkehr - Einzug links, von 5 auf 3 Fahrstreifen"
"532","Einengungstafel - mit Gegenverkehr"
"532-10","Einengungstafel - mit Gegenverkehr - Einzug rechts, noch 1 Fahrstreifen und 1 Fahrstreifen in Gegenrichtung"
"532-20","Einengungstafel - mit Gegenverkehr - Einzug links, noch 1 Fahrstreifen und 1 Fahrstreifen in Gegenrichtung"
"532-21","Einengungstafel - mit Gegenverkehr - Einzug links, noch 1 Fahrstreifen und 2 Fahrstreifen in Gegenrichtung"
"533","Trennungstafel"
"533-20","Trennungstafel - 2-streifig durchgehend und 1-streifig rechts ab"
"533-21","Trennungstafel - 3-streifig durchgehend und 1-streifig rechts ab"
"533-22","Trennungstafel - 2-streifig durchgehend und 2-streifig rechts ab"
"533-23","Trennungstafel - 3-streifig durchgehend und 2-streifig rechts ab"
"533-24","Trennungstafel - 4-streifig durchgehend und 1-streifig rechts ab"
"533-25","Trennungstafel - 4-streifig durchgehend und 2-streifig rechts ab"
"533-26","Trennungstafel - 4-streifig durchgehend und 3-streifig rechts ab"
"533-27","Trennungstafel - 5-streifig durchgehend und 1-streifig rechts ab"
"533-28","Trennungstafel - 5-streifig durchgehend und 2-streifig rechts ab"
"533-29","Trennungstafel - 5-streifig durchgehend und 3-streifig rechts ab"
"533-60","Trennungstafel - 2-streifig durchgehend und 1-streifig sowie aus dem rechten durchgehenden Fahrstreifen rechts ab"
"533-61","Trennungstafel - 3-streifig durchgehend und 1-streifig sowie aus dem rechten durchgehenden Fahrstreifen rechts ab"
"533-62","Trennungstafel - 4-streifig durchgehend und 1-streifig sowie aus dem rechten durchgehenden Fahrstreifen rechts ab"
"533-63","Trennungstafel - 5-streifig durchgehend und 1-streifig sowie aus dem rechten durchgehenden Fahrstreifen rechts ab"
"535","Einengungstafel - ohne Gegenverkehr mit integrierten Zeichen 279"
"535-11","Einengungstafel - ohne Gegenverkehr mit integrierten Zeichen 279 - Einzug rechts, noch 2 Fahrstreifen in Fahrtrichtung"
"535-21","Einengungstafel - ohne Gegenverkehr mit integrierten Zeichen 279 - Einzug links, noch 2 Fahrstreifen in Fahrtrichtung"
"536","Einengungstafel - mit Gegenverkehr mit integriertem Zeichen 279"
"536-20","Einengungstafel - mit Gegenverkehr mit integriertem Zeichen 279 - Einzug links, noch 1 Fahrstreifen und 1 Fahrstreifen in Gegenrichtung"
"536-21","Einengungstafel - mit Gegenverkehr mit integriertem Zeichen 279 - Einzug links, noch 1 Fahrstreifen und 2 Fahrstreifen in Gegenrichtung"
"537","Fahrstreifentafel - ohne Gegenverkehr mit integrierten Zeichen 278"
"537-30","Fahrstreifentafel - ohne Gegenverkehr mit integrierten Zeichen 278 - 2-streifig in Fahrtrichtung"
"537-31","Fahrstreifentafel - ohne Gegenverkehr mit integrierten Zeichen 278 - 3-streifig in Fahrtrichtung"
"538","Fahrstreifentafel - ohne Gegenverkehr mit integriertem Zeichen 282"
"538-30","Fahrstreifentafel - ohne Gegenverkehr mit integriertem Zeichen 282 - 2-streifig in Fahrtrichtung"
"538-31","Fahrstreifentafel - ohne Gegenverkehr mit integriertem Zeichen 282 - 3-streifig in Fahrtrichtung"
"541","Aufweitungstafel - ohne Gegenverkehr"
"541-10","Aufweitungstafel - ohne Gegenverkehr - 1-streifig plus Fahrstreifen links"
"541-11","Aufweitungstafel - ohne Gegenverkehr - 2-streifig plus Fahrstreifen links"
"541-12","Aufweitungstafel - ohne Gegenverkehr - 3-streifig plus Fahrstreifen links"
"541-13","Aufweitungstafel - ohne Gegenverkehr - 4-streifig plus Fahrstreifen links"
"541-20","Aufweitungstafel - ohne Gegenverkehr - 1-streifig plus Fahrstreifen rechts"
"541-21","Aufweitungstafel - ohne Gegenverkehr - 2-streifig plus Fahrstreifen rechts"
"541-22","Aufweitungstafel - ohne Gegenverkehr - 3-streifig plus Fahrstreifen rechts"
"541-23","Aufweitungstafel - ohne Gegenverkehr - 4-streifig plus Fahrstreifen rechts"
"542","Aufweitungstafel - mit Gegenverkehr"
"542-10","Aufweitungstafel - mit Gegenverkehr - 1-streifig plus Fahrstreifen links und 1 Fahrstreifen in Gegenrichtung"
"542-11","Aufweitungstafel - mit Gegenverkehr - 1-streifig plus Fahrstreifen links und 2 Fahrstreifen in Gegenrichtung"
"542-12","Aufweitungstafel - mit Gegenverkehr - 2-streifig plus Fahrstreifen links und 1 Fahrstreifen in Gegenrichtung"
"542-13","Aufweitungstafel - mit Gegenverkehr - 2-streifig plus Fahrstreifen links und 2 Fahrstreifen in Gegenrichtung"
"542-14","Aufweitungstafel - mit Gegenverkehr - 1-streifig plus Fahrstreifen links und 3 Fahrstreifen in Gegenrichtung"
"542-15","Aufweitungstafel - mit Gegenverkehr - 2-streifig plus Fahrstreifen links und 3 Fahrstreifen in Gegenrichtung"
"545","Aufweitungstafel - ohne Gegenverkehr mit integrierten Zeichen 275"
"545-11","Aufweitungstafel - ohne Gegenverkehr mit integrierten Zeichen 275 - 2-streifig plus Fahrstreifen links"
"546","Aufweitungstafel - mit Gegenverkehr mit integriertem Zeichen 275"
"546-10","Aufweitungstafel - mit Gegenverkehr mit integriertem Zeichen 275 - 1-streifig plus Fahrstreifen links und 1 Fahrstreifen in Gegenrichtung"
"546-11","Aufweitungstafel - mit Gegenverkehr mit integriertem Zeichen 275 - 1-streifig plus Fahrstreifen links und 2 Fahrstreifen in Gegenrichtung"
"550","Zusammenführungstafel - an durchgehender Strecke"
"550-20","Zusammenführungstafel - an durchgehender Strecke - 1-streifig plus 1 Fahrstreifen von rechts"
"550-21","Zusammenführungstafel - an durchgehender Strecke - 2-streifig plus 1 Fahrstreifen von rechts"
"550-22","Zusammenführungstafel - an durchgehender Strecke - 3-streifig plus 1 Fahrstreifen von rechts"
"550-23","Zusammenführungstafel - an durchgehender Strecke - 2-streifig plus 2 Fahrstreifen von rechts"
"550-24","Zusammenführungstafel - an durchgehender Strecke - 3-streifig plus 2 Fahrstreifen von rechts"
"550-25","Zusammenführungstafel - an durchgehender Strecke - 4-streifig plus 1 Fahrstreifen von rechts"
"550-26","Zusammenführungstafel - an durchgehender Strecke - 4-streifig plus 2 Fahrstreifen von rechts"
"550-27","Zusammenführungstafel - an durchgehender Strecke - 4-streifig plus 3 Fahrstreifen von rechts"
"550-28","Zusammenführungstafel - an durchgehender Strecke - 5-streifig plus 1 Fahrstreifen von rechts"
"550-29","Zusammenführungstafel - an durchgehender Strecke - 5-streifig plus 2 Fahrstreifen von rechts"
"550-60","Zusammenführungstafel - an durchgehender Strecke - 5-streifig plus 3 Fahrstreifen von rechts"
"551","Zusammenführungstafel - an einmündender Strecke"
"551-20","Zusammenführungstafel - an einmündender Strecke - 1-streifig einmündend plus 1-streifig durchgehend"
"551-21","Zusammenführungstafel - an einmündender Strecke - 1-streifig einmündend plus 2-streifig durchgehend"
"551-22","Zusammenführungstafel - an einmündender Strecke - 2-streifig einmündend plus 2-streifig durchgehend"
"551-23","Zusammenführungstafel - an einmündender Strecke - 2-streifig einmündend plus 3-streifig durchgehend"
"551-24","Zusammenführungstafel - an einmündender Strecke - 1-streifig einmündend plus 3-streifig durchgehend"
"551-25","Zusammenführungstafel - an einmündender Strecke - 1-streifig einmündend plus 4-streifig durchgehend"
"551-26","Zusammenführungstafel - an einmündender Strecke - 2-streifig einmündend plus 4-streifig durchgehend"
"551-27","Zusammenführungstafel - an einmündender Strecke - 3-streifig einmündend plus 4-streifig durchgehend"
"551-28","Zusammenführungstafel - an einmündender Strecke - 1-streifig einmündend plus 5-streifig durchgehend"
"551-29","Zusammenführungstafel - an einmündender Strecke - 2-streifig einmündend plus 5-streifig durchgehend"
"551-60","Zusammenführungstafel - an einmündender Strecke - 3-streifig einmündend plus 5-streifig durchgehend"
"590","Blockumfahrung"
"590-10","Blockumfahrung rechts, links, links"
"590-11","Blockumfahrung rechts, rechts, rechts"
"600","Absperrschranke"
"600-30","Absperrschranke - 100x800"
"600-31","Absperrschranke - 100x1200"
"600-32","Absperrschranke - 100x1600"
"600-33","Absperrschranke - 250x1200"
"600-34","Absperrschranke - 250x1600"
"600-35","Absperrschranke - 250x2000"
"600-36","Absperrschranke - 250x2400"
"600-37","Absperrschranke - 500x1600"
"600-38","Absperrschranke - 500x2000"
"600-39","Absperrschranke - 500x2400"
"600-60","Sperrpfosten (Schraffur waagerecht)"
"605","Leitbake"
"605-10","Leitbake - Schraffenbake - Aufstellung rechts"
"605-11","Leitbake - Pfeilbake - Aufstellung rechts"
"605-12","Leitbake - Warnbake - Aufstellung rechts"
"605-13","Leitbake - Warnlichtbake - Aufstellung rechts"
"605-14","Leitbake - Warnlichtbake mit integriertem Zeichen 222 - Aufstellung rechts mit ^Zeichen 222-10"
"605-20","Leitbake - Schraffenbake - Aufstellung links"
"605-21","Leitbake - Pfeilbake - Aufstellung links"
"605-22","Leitbake - Warnbake - Aufstellung links"
"605-23","Leitbake - Warnlichtbake - Aufstellung links"
"605-24","Leitbake - Warnlichtbake mit integriertem Zeichen 222 - Aufstellung links mit Zeichen 222"
"605-40","Leitbake - Schraffenbake - doppelseitig (-10/ -20)"
"605-41","Leitbake - Schraffenbake - doppelseitig (-20/ -20)"
"605-42","Leitbake - Pfeilbake - doppelseitig (-11/ -21)"
"605-43","Leitbake - Pfeilbake - doppelseitig (-21/ -21)"
"605-44","Leitbake - Warnbake - doppelseitig (-12/ -22)"
"605-45","Leitbake - Warnbake - doppelseitig (-22/ -22)"
"610","Leitkegel"
"610-40","Leitkegel - Höhe = 300 (Ringhöhe 55 mm)"
"610-41","Leitkegel - Höhe = 500 (Ringhöhe 85 mm)"
"610-42","Leitkegel - Höhe = 750 (Ringhöhe 130 mm)"
"610-43","Leitkegel - Höhe = 1000 (Ringhöhe 180 mm)"
"615","Fahrbare Absperrtafel"
"616","Fahrbare Absperrtafel mit Blinkpfeil"
"616-30","Fahrbare Absperrtafel mit Blinkpfeil - große Ausführung (3600 x 2200)"
"616-31","Fahrbare Absperrtafel mit Blinkpfeil - kleine Ausführung (2500 x 1700)"
"620","Leitpfosten"
"620-40","Leitpfosten - rechts"
"620-41","Leitpfosten - links"
"625","Richtungstafel in Kurven"
"625-10","Richtungstafel in Kurven - linksweisend: 500 x 500"
"625-11","Richtungstafel in Kurven - linksweisend: 500 x 1500"
"625-12","Richtungstafel in Kurven - linksweisend: 500 x 2000"
"625-13","Richtungstafel in Kurven - linksweisend: 500 x 2500"
"625-20","Richtungstafel in Kurven - rechtsweisend: 500 x 500"
"625-21","Richtungstafel in Kurven - rechtsweisend: 500 x 1500"
"625-22","Richtungstafel in Kurven - rechtsweisend: 500 x 2000"
"625-23","Richtungstafel in Kurven - rechtsweisend: 500 x 2500"
"626","Leitplatte"
"626-10","Leitplatte - Aufstellung rechts 626-20 Leitplatte - Aufstellung links"
"626-30","Leitplatte -750x500"
"626-31","Leitplatte -1200x600"
"626-32","Leitplatte -2500x500"
"627","Leitmal"
"627-10","Leitmal - Anbringung rechts (senkrecht)"
"627-20","Leitmal - Anbringung links (senkrecht)"
"627-30","Leitmal - waagerecht"
"627-50","Leitmal - gebogen"
"628","Leitschwelle mit Leitbake (Z 605)"
"628-10","Leitschwelle mit Leitbake (Z 605) - Aufstellung rechts (mit 605-10)"
"628-11","Leitschwelle mit Leitbake (Z 605) - Aufstellung rechts (mit 605-11)"
"628-20","Leitschwelle mit Leitbake (Z 605) - Aufstellung links (mit 605-20)"
"628-21","Leitschwelle mit Leitbake (Z 605) - Aufstellung links (mit 605-21)"
"628-40","Leitschwelle mit Leitbake (Z 605) - doppelseitig (mit 605-40)"
"628-41","Leitschwelle mit Leitbake (Z 605) - doppelseitig (mit 605-41)"
"628-42","Leitschwelle mit Leitbake (Z 605) - doppelseitig (mit 605-42)"
"628-43","Leitschwelle mit Leitbake (Z 605) - doppelseitig (mit 605-43)"
"629","Leitbord mit Leitbake"
"629-10","Leitbord mit Leitbake - Aufstellung rechts (mit 605-10)"
"629-11","Leitbord mit Leitbake - Aufstellung rechts (mit 605-11)"
"629-20","Leitbord mit Leitbake - Aufstellung links (mit 605-20)"
"629-21","Leitbord mit Leitbake - Aufstellung links (mit 605-21)"
"629-40","Leitbord mit Leitbake - doppelseitig (mit 605-40)"
"629-41","Leitbord mit Leitbake - doppelseitig (mit 605-41)"
"629-42","Leitbord mit Leitbake - doppelseitig (mit 605-42)"
"629-43","Leitbord mit Leitbake - doppelseitig (mit 605-43)"
"630","Parkwarntafel"
"630-10","Parkwarntafel - links vorbei"
"630-20","Parkwarntafel - rechts vorbei"
"720","Grünpfeilschild"
"721","Grünpfeilschild mit Beschränkung auf den Radverkehr"
"1000","Richtungsangaben durch Pfeile"
"1000-10","Richtung, linksweisend"
"1000-11","Vorankündigung, linksweisend"
"1000-12","Fußgänger Gehweg gegenüber benutzen, linksweisend"
"1000-13","Umleitungsbeschilderung Dreiviertelkreis"
"1000-20","Richtung, rechtsweisend"
"1000-21","Vorankündigung, rechtsweisend"
"1000-22","Fußgänger Gehweg gegenüber benutzen, rechtsweisend"
"1000-23","Umleitungsbeschilderung Viertelkreis"
"1000-30","Beide Richtungen, zwei gegengerichtete waagerechte Pfeile"
"1000-31","Beide Richtungen, zwei gegengerichtete senkrechte Pfeile"
"1000-32","Radverkehr kreuzt von links und rechts oder Radverkehr ist in der Gegenrichtung zugelassen"
"1000-34","Umleitungsbeschilderung Halbkreis"
"1001","Länge einer Strecke"
"1001-30","Auf ...m (zweiter Teil der Unternummer steht jeweils für den Zahlenwert)"
"1001-31","Auf ...km (zweiter Teil der Unternummer steht jeweils für den Zahlenwert)"
"1001-32","noch ...m (zweiter Teil der Unternummer steht jeweils für den Zahlenwert)"
"1001-33","noch ...km (zweiter Teil der Unternummer steht jeweils für den Zahlenwert)"
"1001-34","auf ...m (verbal, zweiter Teil der Unternummer steht jeweils für den Zahlenwert)"
"1001-35","auf ...km (verbal, zweiter Teil der Unternummer steht jeweils für den Zahlenwert)"
"1002","Verlauf der Vorfahrtstraße"
"1002-10","Verlauf der Vorfahrtstraße an Kreuzungen - von unten nach links"
"1002-11","Verlauf der Vorfahrtstraße an Kreuzungen - von oben nach links"
"1002-12","Verlauf der Vorfahrtstraße an Einmündungen - von unten nach links, Einmündung von oben"
"1002-13","Verlauf der Vorfahrtstraße an Einmündungen - von unten nach links, Einmündung von rechts"
"1002-14","Verlauf der Vorfahrtstraße an Einmündungen - von oben nach links, Einmündung von unten"
"1002-20","Verlauf der Vorfahrtstraße an Kreuzungen - von unten nach rechts"
"1002-21","Verlauf der Vorfahrtstraße an Kreuzungen - von oben nach rechts"
"1002-22","Verlauf der Vorfahrtstraße an Einmündungen - von unten nach rechts, Einmündung von oben"
"1002-23","Verlauf der Vorfahrtstraße an Einmündungen - von unten nach rechts, Einmündung von links"
"1002-24","Verlauf der Vorfahrtstraße an Einmündungen - von oben nach rechts, Einmündung von unten"
"1004","Entfernungsangaben"
"1004-30","Entfernungsangabe in m (zweiter Teil der Unternummer steht jeweils für den Zahlenwert)"
"1004-31","Entfernungsangabe in km (zweiter Teil der Unternummer steht jeweils für den Zahlenwert)"
"1004-32","Stop in 100 m"
"1005","Entfernungsangaben mit verbalem Zusatz"
"1005-30","Reißverschluss erst in ... m (zweiter Teil der Unternummer steht jeweils für den Zahlenwert)"
"1006","Hinweis auf Gefahren durch Sinnbild"
"1006-30","Schleudergefahr für Wohnwagengespanne an Gefällestrecken mit starkem Seitenwind auf Autobahnen"
"1006-31","Unfallgefahr"
"1007","Hinweis auf Gefahren durch verbale Angabe"
"1007-30","Ölspur"
"1007-31","Rauch"
"1007-32","Rollsplitt"
"1007-33","Baustellenausfahrt"
"1007-34","Straßenschäden"
"1007-35","Verschmutzte Fahrbahn"
"1007-36","Sprengarbeiten"
"1007-37","Ausfahrt"
"1007-38","Baustellenverkehr"
"1007-39","Fehlende Fahrbahnmarkierung"
"1007-50","Unfall"
"1007-51","Hochwasser"
"1007-52","Neuer Fahrbahnbelag"
"1007-53","Spurrinnen"
"1007-54","Linksabbieger"
"1007-55","Skiabfahrt kreuzt"
"1007-56","Skiwanderweg kreuzt"
"1007-57","Kuppe"
"1007-58","Polizeikontrolle"
"1007-59","Ende Seitenstreifen in ... m (zweiter Teil der Unternummer steht jeweils für den Zahlenwert)"
"1007-60","Seitenstreifen nicht befahrbar"
"1007-61","Nebel"
"1007-62","Zufahrt"
"1008","Hinweise auf geänderte Vorfahrt, Verkehrsführung oder besondere Verkehrsregelung"
"1008-30","Vorfahrt geändert"
"1008-31","Verkehrsführung geändert"
"1008-32","Industriegebiet Schienenfahrzeuge haben Vorrang (zu Zeichen 201 StVO)"
"1008-33","Hafengebiet Schienenfahrzeuge haben Vorrang (zu Zeichen 201 StVO)"
"1008-34","Keine Wendemöglichkeit"
"1010","Hinweise durch Sinnbild"
"1010-10","Erlaubt Kindern auch auf der Fahrbahn und dem Seitenstreifen zu spielen"
"1010-11","Wintersport erlaubt"
"1010-12","Kennzeichnung von Parkflächen, auf denen Anhänger auch länger als 14 Tage parken dürfen"
"1010-13","Kennzeichnung von Parkflächen, auf denen Wohnwagen auch länger als 14 Tage parken dürfen"
"1010-14","Information Rollende Landstraße"
"1010-15","Information Leistungsumfang (zu Z 448.1)"
"1010-50","Kraftwagen und sonstige mehrspurige Fahrzeuge"
"1010-51","Kraftfahrzeuge mit einer zulässigen Gesamtmasse über 3,5 t, einschließlich ihrer Anhänger, und Zugmaschinen, ausgenommen Personenkraftwagen und Kraftomnibusse"
"1010-52","Radverkehr"
"1010-53","Fußgänger"
"1010-54","Reiter"
"1010-55","Viehtrieb"
"1010-56","Straßenbahn"
"1010-57","Kraftomnibus"
"1010-58","Personenkraftwagen"
"1010-59","Personenkraftwagen mit Anhänger"
"1010-60","Lastkraftwagen mit Anhänger"
"1010-61","Kraftfahrzeuge und Züge, die nicht schneller als 25 km/h fahren können oder dürfen"
"1010-62","Krafträder, auch mit Beiwagen, Kleinkrafträder und Mopeds"
"1010-63","Mofas"
"1010-64","Gespannfuhrwerk"
"1010-65","E-Bikes"
"1010-66","Elektrisch betriebene Fahrzeuge"
"1010-67","Wohnmobile"
"1010-68","Elektrokleinstfahrzeug im Sinne der Elektrokleinstfahrzeuge-Verordnung (eKFV)"
"1010-69","Fahrrad zum Transport von Gütern oder Personen – Lastenfahrrad"
"1010-70","Carsharing"
"1010-71","Personenkraftwagen oder Krafträder mit Beiwagen, die mit mindestens drei Personen besetzt sind – mehrfachbesetzte Personenkraftwagen"
"1010-72","Krafträder, auch mit Beiwagen, Kleinkrafträder und Mopeds und Kraftwagen und sonstige mehrspurige Fahrzeuge"
"1012","Sonstige Hinweise durch verbale Angaben"
"1012-30","Ladezone"
"1012-31","Ende"
"1012-32","Radfahrer absteigen"
"1012-33","Keine Mofas"
"1012-34","Grüne Welle bei xx km/h"
"1012-35","Bei Rot hier halten"
"1012-36","Lärmschutz"
"1012-37","Zuflussregelung"
"1012-38","Nebenstrecke"
"1012-50","Schule"
"1012-51","Kindergarten"
"1012-52","Altenheim"
"1012-53","Krankenhaus"
"1012-54","Seniorenheim"
"1013","Besondere Hinweise zur Seitenstreifenfreigabe"
"1013-50","Seitenstreifen befahren"
"1013-51","Seitenstreifen räumen"
"1013-52","Ende in ... m (zweiter Teil der Unternummer steht jeweils für den Zahlenwert)"
"1014","Tunnelkategorie gemäß ADR-Übereinkommen"
"1014-50","Tunnelkategorie gemäß ADR-Übereinkommen -B"
"1014-51","Tunnelkategorie gemäß ADR-Übereinkommen -C"
"1014-52","Tunnelkategorie gemäß ADR-Übereinkommen -D"
"1014-53","Tunnelkategorie gemäß ADR-Übereinkommen -E"
"1020","Personengruppen frei"
"1020-11","Schwerbehinderte mit Parkausweis Nr. ... frei"
"1020-12","Radverkehr und Anlieger frei"
"1020-13","Inline-Skaten und Rollschuhfahren zugelassen"
"1020-14","Wintersport frei"
"1020-30","Anlieger frei"
"1020-31","Anlieger oder Parken frei"
"1020-32","Bewohner mit Parkausweis Nr. ... frei"
"1022","Einspurige Fahrzeuge frei"
"1022-10","Radverkehr frei"
"1022-11","Mofas frei"
"1022-12","Krafträder, auch mit Beiwagen, Kleinkrafträder und Mofas frei"
"1022-13","E-Bikes frei"
"1022-14","Radverkehr und Mofas frei"
"1022-15","E-Bikes und Mofas frei"
"1022-16","Elektrokleinstfahrzeuge frei"
"1022-17","Fahrräder zum Transport von Gütern oder Personen – Lastenfahrräder - frei"
"1024","Mehrspurige Fahrzeuge frei"
"1024-10","Personenkraftwagen frei"
"1024-11","Personenkraftwagen mit Anhänger frei"
"1024-12","Kraftfahrzeuge mit einer zulässigen Gesamtmasse über 3,5 t, einschließlich ihrer Anhänger, und Zugmaschinen, ausgenommen Personenkraftwagen und Kraftomnibusse frei"
"1024-13","Lastkraftwagen mit Anhänger frei"
"1024-14","Kraftomnibus frei"
"1024-15","Schienenbahn frei"
"1024-16","Straßenbahn frei"
"1024-17","Kraftfahrzeuge und Züge, die nicht schneller als 25 km/h fahren können oder dürfen frei"
"1024-18","Gespannfuhrwerke frei"
"1024-19","Wohnmobile mit einer zulässigen Gesamtmasse bis 7,5 t ausgenommen"
"1024-20","Elektrisch betriebene Fahrzeuge frei"
"1024-21","Carsharingfahrzeuge frei"
"1026","Besondere Fahrzeuge und Transportgüter frei (verbale Angabe)"
"1026-30","Taxi frei"
"1026-31","Kraftomnibusse im Gelegenheitsverkehr frei"
"1026-32","Linienverkehr frei"
"1026-33","Einsatzfahrzeuge frei"
"1026-34","Krankenfahrzeuge frei"
"1026-35","Lieferverkehr frei"
"1026-36","Landwirtschaftlicher Verkehr frei"
"1026-37","Forstwirtschaftlicher Verkehr frei"
"1026-38","Land- und forstwirtschaftlicher Verkehr frei"
"1026-39","Betriebs- und Versorgungsdienst frei"
"1026-60","Elektrofahrzeuge während des Ladevorgangs frei"
"1026-61","Elektrofahrzeuge frei"
"1026-62","Gülletransport frei"
"1026-63","E-Bikes frei"
"1028","Sonstige Fahrzeug-, Personengruppen frei (verbale Angabe)"
"1028-30","Baustellenfahrzeuge frei"
"1028-31","Bis Baustelle frei"
"1028-32","Anlieger bis Baustelle frei"
"1028-33","Zufahrt bis ... frei"
"1028-34","Fährbenutzer frei"
"1031","Freistellung vom Verkehrsverbot nach § 40 Absatz 1 BImSchG"
"1031-50","Freistellung vom Verkehrsverbot nach § 40 Absatz 1 BImSchG - rote, gelbe und grüne Plakette"
"1031-51","Freistellung vom Verkehrsverbot nach § 40 Absatz 1 BImSchG - gelbe und grüne Plakette"
"1031-52","Freistellung vom Verkehrsverbot nach § 40 Absatz 1 BImSchG - grüne Plakette"
"1040","Zeitangaben ohne Beschränkung auf Wochentage 1040-10 Wintersport erlaubt, zeitlich beschränkt (10 - 16 h)"
"1040-30","Zeitliche Beschränkung (16 - 18 h)"
"1040-31","Zeitliche Beschränkung (8 - 11 h, 16 - 18 h)"
"1040-32","Parkscheibe 2 Stunden"
"1040-33","Parken mit Parkscheibe in gekennzeichneten Flächen 2 Stunden"
"1040-34","Ab Zeitpunkt"
"1040-35","Lärmschutz (mit Zeitangabe)"
"1040-36","Schulweg i. V. m. zeitlicher Begrenzung (zu Z 101 oder 274)"
"1042","Zeitangaben mit Beschränkung auf Wochentage"
"1042-30","Zeitliche Beschränkung (werktags)"
"1042-31","Zeitliche Beschränkung (werktags 18 - 19 h)"
"1042-32","Zeitliche Beschränkung (werktags 8:30 - 11:30 h, 16 - 18 h)"
"1042-33","Zeitliche Beschränkung (Mo - Fr, 16 - 18 h)"
"1042-34","Zeitliche Beschränkung (Di, Do, Fr, 16 - 18 h)"
"1042-35","Zeitliche Beschränkung (6 - 22 h an Sonn- und Feiertagen)"
"1042-36","Schulbus (tageszeitliche Benutzung)"
"1042-37","Parken Sa und So erlaubt"
"1042-38","Werktags außer samstags"
"1042-50","Straßenreinigung (mit Zeit- und Datumsangabe)"
"1042-51","Sa und So"
"1042-52","Sa, So und an Feiertagen"
"1042-53","Schulweg i. V. m. zeitlicher Begrenzung an Werktagen (zu Z 101 oder 274)"
"1044","Personengruppen"
"1044-10","Nur Schwerbehinderte mit außergewöhnlicher Gehbehinderung und Blinde"
"1044-11","Nur Schwerbehinderte mit Parkausweis Nr. ..."
"1044-12","Nur Schwerbehinderte mit außergewöhnlicher Gehbehinderung und Blinde, mit Anzahl der Parkstände"
"1044-30","Nur Bewohner mit Parkausweis Nr. ..."
"1048","Mehrspurige Fahrzeuge"
"1048-14","Nur Sattelkraftfahrzeuge"
"1048-15","Nur Sattelkraftfahrzeuge und Lastkraftwagen mit Anhänger"
"1048-18","Nur Schienenbahnen"
"1048-20","Nur Personenkraftwagen mit Anhänger und Kraftfahrzeuge mit einer zulässigen Gesamtmasse über 3,5 t, einschließlich ihrer Anhänger, und Zugmaschinen, ausgenommen Personenkraftwagen und Kraftomnibusse"
"1049","Sonstige oder mehrere mehrspurige Fahrzeuge"
"1049-11","Kraftfahrzeuge und Züge, die nicht schneller als 25 km/h fahren können oder dürfen, dürfen überholt werden"
"1049-12","Nur militärische Kettenfahrzeuge"
"1049-13","Nur Lkw (Zeichen 1010-51), Kraftomnibus (Zeichen 1010-57) und Pkw mit Anhänger (Zeichen 1010-59)"
"1050","Fahrzeuge (verbale Angabe)"
"1050-30","Taxi"
"1050-31","... Taxen"
"1050-32","Elektrofahrzeuge während des Ladevorgangs"
"1050-33","Elektrofahrzeuge"
"1052","Fahrzeuge mit besonderer Ladung"
"1052-30","Nur kennzeichnungspflichtige Kraftfahrzeuge mit gefährlichen Gütern"
"1052-31","Nur Fahrzeuge mit wassergefährdender Ladung"
"1053","Sonstige Beschränkungen"
"1053-30","Parken in gekennzeichneten Flächen erlaubt"
"1053-31","Mit Parkschein"
"1053-32","Gebührenpflichtig"
"1053-33","Massenangabe - 7,5 t"
"1053-34","Auf dem Seitenstreifen"
"1053-35","Bei Nässe"
"1053-36","Durchgangsverkehr"
"1053-37","Massenangabe - 12 t"
"1053-38","Querparken als Sinnbild"
"1053-39","Schrägparken als Sinnbild"
"1053-52","Nur innerhalb gekennzeichneter Parkflächen"
"1053-53","Parken mit Parkschein in gekennzeichneten Flächen"
"1060","Erweiternde Zusatzzeichen"
"1060-31","Haltverbot auch auf dem Seitenstreifen"
"1060-32","Auch Kraftomnibusse und PKW mit Anhängern (im Bereich von LKW-Kontrollen)"
"1060-33","Massenangabe - 2,8 t"
